{"cameraMode":{"drawMode":0,"name":"Shaded","section":"Shading Mode"},"sceneLighting":false,"audioPlay":false,"sceneViewState":{"m_AlwaysRefresh":false,"showFog":true,"showSkybox":false,"showFlares":true,"showImageEffects":true,"showParticleSystems":true,"showVisualEffectGraphs":true,"m_FxEnabled":false},"in2DMode":false,"pivot":{"x":-16.056198120117189,"y":0.9700000286102295,"z":-1.0837547779083253},"rotation":{"x":-0.12924067676067353,"y":0.7797767519950867,"z":-0.17135387659072877,"w":-0.5881263017654419},"size":0.6964194178581238,"orthographic":false}