{"cameraMode":{"drawMode":0,"name":"Shaded","section":"Shading Mode"},"sceneLighting":true,"audioPlay":false,"sceneViewState":{"m_AlwaysRefresh":false,"showFog":true,"showSkybox":true,"showFlares":true,"showImageEffects":true,"showParticleSystems":true,"showVisualEffectGraphs":true,"m_FxEnabled":false},"in2DMode":false,"pivot":{"x":442.5162048339844,"y":364.8849182128906,"z":-146.44227600097657},"rotation":{"x":0.07671485841274262,"y":-0.023619895800948144,"z":0.0018073729006573558,"w":0.9967959523200989},"size":296.0820007324219,"orthographic":true}